USE
[teste]
GO

SET ANSI_NULLS ON
GO
SET QUOTED_IDENTIFIER ON
GO
SET ANSI_PADDING ON
GO
CREATE TABLE [dbo].[__MigrationHistory](
	[MigrationId] [nvarchar](150) NOT NULL,
	[ContextKey] [nvarchar](300) NOT NULL,
	[Model] [varbinary](max) NOT NULL,
	[ProductVersion] [nvarchar](32) NOT NULL,
 CONSTRAINT [PK_dbo.__MigrationHistory] PRIMARY KEY CLUSTERED 
(
	[MigrationId] ASC,
	[ContextKey] ASC
)WITH (PAD_INDEX = OFF, STATISTICS_NORECOMPUTE = OFF, IGNORE_DUP_KEY = OFF, ALLOW_ROW_LOCKS = ON, ALLOW_PAGE_LOCKS = ON) ON [PRIMARY]
) ON [PRIMARY] TEXTIMAGE_ON [PRIMARY]

GO
SET ANSI_PADDING OFF
GO

SET ANSI_NULLS ON
GO
SET QUOTED_IDENTIFIER ON
GO
SET ANSI_PADDING ON
GO
CREATE TABLE [dbo].[Dependent](
	[DependentId] [int] IDENTITY(1,1) NOT NULL,
	[Name] [varchar](250) NOT NULL,
	[EmployeeId] [uniqueidentifier] NOT NULL,
 CONSTRAINT [PK_dbo.Dependent] PRIMARY KEY CLUSTERED 
(
	[DependentId] ASC
)WITH (PAD_INDEX = OFF, STATISTICS_NORECOMPUTE = OFF, IGNORE_DUP_KEY = OFF, ALLOW_ROW_LOCKS = ON, ALLOW_PAGE_LOCKS = ON) ON [PRIMARY]
) ON [PRIMARY]

GO
SET ANSI_PADDING OFF
GO

SET ANSI_NULLS ON
GO
SET QUOTED_IDENTIFIER ON
GO
SET ANSI_PADDING ON
GO
CREATE TABLE [dbo].[Employee](
	[EmployeeId] [uniqueidentifier] NOT NULL,
	[Name] [varchar](250) NOT NULL,
	[Email] [varchar](250) NULL,
	[Birth] [datetime] NOT NULL,
	[RoleId] [int] NULL,
	[Gender] [char](1) NOT NULL DEFAULT (''),
 CONSTRAINT [PK_dbo.Employee] PRIMARY KEY CLUSTERED 
(
	[EmployeeId] ASC
)WITH (PAD_INDEX = OFF, STATISTICS_NORECOMPUTE = OFF, IGNORE_DUP_KEY = OFF, ALLOW_ROW_LOCKS = ON, ALLOW_PAGE_LOCKS = ON) ON [PRIMARY]
) ON [PRIMARY]

GO
SET ANSI_PADDING OFF
GO

SET ANSI_NULLS ON
GO
SET QUOTED_IDENTIFIER ON
GO
SET ANSI_PADDING ON
GO
CREATE TABLE [dbo].[Role](
	[RoleId] [int] IDENTITY(1,1) NOT NULL,
	[Name] [varchar](250) NOT NULL,
 CONSTRAINT [PK_dbo.Role] PRIMARY KEY CLUSTERED 
(
	[RoleId] ASC
)WITH (PAD_INDEX = OFF, STATISTICS_NORECOMPUTE = OFF, IGNORE_DUP_KEY = OFF, ALLOW_ROW_LOCKS = ON, ALLOW_PAGE_LOCKS = ON) ON [PRIMARY]
) ON [PRIMARY]

GO
SET ANSI_PADDING OFF
GO
INSERT [dbo].[__MigrationHistory] ([MigrationId], [ContextKey], [Model], [ProductVersion]) VALUES (N'201709231306026_AutomaticMigration', N'iMusicaCorp.Infra.Data.Migrations.Configuration', 0x1F8B0800000000000400DD5ADD6EDB3614BE1FB077107439A4969362C016D82D5A272982354911A7C5EE0A5A3A768851944A52818D614FB68B3DD25E6187FA9728C992EDC0E950206824F2E33987DF393CFA987FFFFE67F276ED33EB0984A4019FDAA7A3B16D0177038FF2D5D48ED4F2D52FF6DB373FFE30B9F4FCB5F5251BF75A8FC3995C4EED47A5C273C791EE23F8448E7CEA8A40064B357203DF215EE09C8DC7BF3AA7A70E20848D589635B98FB8A23EC4BFE0AFB380BB10AA88B09BC00326D3E7F8661EA35AB7C407191217A636BD892475C92C10E1E89A2F05195D10454608A160AD6CEB1DA304AD9A035BDA16E13C5044A1CDE79F25CC9508F86A1EE203C21E3621E0B8256112525FCE8BE17DDD1A9F69B79C626206E5465205FE40C0D3D7699C9CFAF49DA26DE771C4485E62C4D5467B1D47736A5F4008DC038E31ABAF763E63428FAC46FB0287503E8A8128C8510E706299C34E72B220A7F4BF136B163115099872889420ECC4FA142D18757F83CD43F007F0298F182B9B8C46E3BBCA037CF449042108B5B98765DD916BCFB69C2A805347C8E7374D4E7CBEE6EAF5996DDDA23964C120E748293E731508F8001C0451E07D224A81C02DBED6401865C38CDAA2FA67B61A921273CDB66EC8FA23F0957A9CDA673F63765DD13578D993D482CF9C626AE224252268B0B07BD54B3F64C106A0F0F44344BDED30B7E489AE62BF5B006DEB1E583C403ED230C9BD821D5F8B615722F0EF03560E7BFEF6EB3C8884ABC312B40E79206205AA6AE0C42998DDC9F7C28CDDE89ECD3F32DBCBBB3894ECBB32E085D09750768065BB57C1A416B973EF036422E1834D7D4F857ACC40F0788207EA0F7758A7815195FAE6669E3DF230D999A55E47766609DCD7440DD4685C8E988C28ECAABC300A46F5ED5EB5225978B73AA1E71EB94664CC195A1F1A19F79D9F836D7BFE4ECAC0A5B11BB5EA98D0AE6AF825F7AC4E0E263E94D98BAEE0F6D2103714979FDA3F19D16803CD73AD004D0859051C8F46A706269200848E3E61D8124BA415E5CA640CE52E0D09EB5ABE366900D174D0F325EA6FF2C2D115CFFDD6CE97A8D17F5B6C264E8914DD5C69A89F6D7BDBD5EA141B5CEAC6FBD3A6AB4E6F27E481C8D36E449F5D6C6F6706B1A83DC8FB1B71703A2505497FB1E20C10A911C581917FCB1A07107EC4A667904C8B5F9D1A1A790EAAA10B28CAA04939836155982C3E4D2805BBB680E88D6A02484A5B6D722972A619695F501AD3D838D437725B0DCF0DAE386CF0615BD52EC1A42ED78FE1AA733D1C6FEAD64CEFB7D5A4BE55A9E440993F1D81E8A8437D82DA1191ECF4CE93A590869C441BCA3424A745449ADC9030C4CEA2242AA54FAC79A228CD5ECD87CB2B7E82E1B8B24165C9ADCD57C23E89ACA0F61697464BAFA8904A6B580BA27B9799E71BC3CCD2D0926AD97A46F69B7B9765613645FF3F99D6ADB095CA86595A53B02B74D6D7C539EE0F9BF864CE8DC53EC288E8126866018B7CBE55F6E9C24B7ACE3250F2A43F42F9B428E3749D229AA0B5E018E78CB127B524A9EF722F0E144977400AB4D5971E0C689F7AD8703FE7F6C73A44D594F8517F8C54652863A48FFA63A4224319237DD41F23EBA1CB206D7DF5D1289C9CA207A46F5377D083BACDD30E13DAFDE9FAAC9B631CC3F521F9EAF9715C3B7627E911B8FD82C738139321B685A179A29E3E0FE71BA9C04F3675FE8DCD188DBBD86CC00DE174095225228A7D363E3DABDD0BBD9C3B1A474A8FF5BDA87901972354077AABECB387A0FC4484FB48842904ED7DDB1171FA2D021A1BB9A4201ABEAFAED1DBF5D4FE33C638B7AE7FFF5AC09C587702C9756E8DADBF76D49CDAEF248E7E116006E745EC6149F2EF013A58E05F50B59FB8EF6102A8FDC57DDA780B6BB23199D5C644D3FD6182F7D194E6175A540E2D1D27B2C52EAAAEA939EC2839EFA4F0B5F44BCF2A07FFAF24E0419BD6B5FB25C96E37ED78AFEB81A308BADF8F806B8A393DC5D96E6D36697FF1A85904B8EB49B11A2EDD762AB74D4B0CD2755B65DD26E42308BE651B8B6FB93EDA6EA382F93225DD4126B7959546B1EE59F45AF3831033B2F477815812245D1510FAAF0439B8955CCCC7E0577E9095859A45D9905A7B70038A60F746DE096C7889ABF0B50B52C677D05F088BE2802EC0BBE677910A23852E83BF60953B6D5D5ABAD68F45E9AACD93BB30FE6B8743B8806652DD80DEF1F711655E6EF755432BD302A16B56DA73E9BD54BAF75A6D72A4DB80F7044AC39773E60190780826EFF89C3CC12EB67D96F01156C4DD64DFF5ED20DB37A21AF6C905252B417C996214F3F157E4B0E7AFDFFC07C6D8DEFE1E2B0000, N'6.1.3-40302')
INSERT [dbo].[__MigrationHistory] ([MigrationId], [ContextKey], [Model], [ProductVersion]) VALUES (N'201709260309077_AutomaticMigration', N'iMusicaCorp.Infra.Data.Migrations.Configuration', 0x1F8B0800000000000400DD5ADD6EDB3614BE1FB077107439A4969D62C016D82D5227298C354911A7C5EE02463A768851944A52818D614FB68B3DD25E6187FA9728C9F24FE07428103412F9F19CC3EF1C1E7DCCBF7FFF337EBFF299F50C42D2804FECD160685BC0DDC0A37C39B123B578F38BFDFEDD8F3F8C2F3D7F657DCDC6BDD5E370269713FB49A9F0CC71A4FB043E91039FBA2290C1420DDCC077881738A7C3E1AFCE68E40042D8886559E3BB882BEA43FC0BFE3A0DB80BA18A08BB0E3C60327D8E6FE631AA75437C9021716162D3EB4852974C03110E667C21C8E08228324008052B655BE78C12B46A0E6C615B84F3401185369F7D91305722E0CB79880F08BB5F8780E3168449487D392B86F7756B78AADD728A8919941B4915F85B028EDEA67172EAD3778AB69DC71123798911576BED751CCD897D0121700F38C6ACBEDAD994093DB21AED0B1C42F92006A2200739C089650E3BC9C9829CD2FF4EAC69C4542460C2215282B013EB73F4C8A8FB1BACEF833F804F78C458D964341ADF551EE0A3CF220841A8F51D2CEA8ECC3CDB72AA004E1D219FDF3439F179C6D5DB53DBBA4173C823839C23A5F8CC5520E02370104481F799280502B778A68130CA8619B545F5CF6C352425E69A6D5D93D527E04BF534B14F7FC6ECBAA22BF0B227A9055F38C5D4C4494A44D06061F7AA977EC8823540E1E9C7887A9B616EC8335DC67EB700DAD61DB078807CA261927B053B1E8A615722F0EF02560E7BFEF6611E44C2D561095A87DC13B104553570EC14CCEEE47B61C66E74CFE61F99EDE55DDC96ECBB32E095D09750768065BB57C1A4165DCE8D5EC2B50F54A8A76C513CCEE09EFADBA3E8B431AA58DF5CCEB34D1E269BB354EDC8E62CE1FB9AA8811A8DCB119311855D95174681A9BEDDABB6240BEF5657F4DC23D7948C39DBD69346C67DE7E766DB9E9F4B19B83476A3564D13DA550DBFE49ED5C9C1C487327BD115DC5E1AE286E2F213FB27231A6DA079AE15A00921AB80C3C1606460220940E8E813862DB4445A51AE4CC650EED290B0AEE56B93B6209A0E7ABE44FD4D5E38BAE2B9DFDAF91235FA6F8ACDD82991A29B2B0DF5B36D6FBB5AA362834BDD7B7FDA74D5E9CD843C1079DA8DE8B38BEDEDCF562C6A0FF2FE461C9C4E4941D25FB83803446A447160E4DFBEC601841FBDE91924D3E257A786469E836AE8028A326852CE605815268B4F134AC1AE0D207AA39A0092D2569B5C8A9C6946DA1794C634360EF58DDC54C373832B0E1B7CD854B54B30A9CBF563B8EA5C0FC79BBA35D3FB4D35A96F552A3950E64F47203AEA509FA07644243BBDF36429A42427D19232CDC969119DC6D7240CB1B3288950E9136B9E2850D337F3EDE5183FC1705CD9A0CAE4D6E62B619F4496507B8B4BA3A5575448A535AF47A27B97A9E71BC3CCD2D0926AD97A46F69B7B9765613645FF3F99D6ADC895CA86595A53B02B74D6D7C539EE0F9BF864CE8DC541C288E81274A6018B7CBE5126EAC24B7ACE3250F2A43F42F9B428E3749D229AA0B5E018E78CB127B524A9EF722F0E144977400AB4D5971E0C689F7AD870BFE4F6C7BA45D594F8517F8C54952863A48FFA63A4224319237DD41F23EBA1CB206D7DF5D1289C9CA207A46F5377D083BACDD30E13DAFDE9FAA29B631CC3F521F9EAF9715C3B76C7E911B8F942C838139321B685A179A69E3E0FE76BA9C04F3675FE8D4D198DBBD86CC035E174015225228A7D3A1C9DD6EE915ECF9D8E23A5C7FA5EECBC82CB14AA03BD51F6D943807E26C27D22C21482F6BE1D8938FD16018D8D5C50100DDF5733F47635B1FF8C31CEACD9EF0F05CC89752B905C67D6D0FA6B47CDA9FD0EE3E8170766705EC51E96AE087A806E7D2160008EF6D3FA3DCC07B5BFD64F1B2F714D7226B3DA886946633BFDFB68C2F32BAD318756921315631791D794207654A07712FC5ADAA7175587FF578AF0569BD6B5FB25056F372979AFDB82A3E8BBDF8F9E6B6A3B3DB5DA6EA936E986F1A8790C70D79362B5BD92DB29E4362DB195CCDBAAF236211F41FF2DDB587CDAF5917A1B05CDD7A9F06E65725B5969D4EE5E44BE35BF0F31234B7F56882541D26501A1FFC890835BC9C57C0C7EF4075959A859940DA9B507D7A008766FE45C60FF4B5C85AF5D9032BE92FE4A581407F411BC19BF8D5418297419FC4756B9E2D6A5A56BFD58A3AEDA3CBE0DE33F7E38840B6826D50DE82DFF1051E6E5765F35B4322D10BA66A53D97DE4BA57BAFE53A47BA09784FA0347C3967EE01898760F296CFC933EC62DB17099F6049DC75F699DF0EB27923AA611F5F50B214C4972946311F7F450E7BFEEADD7F7D2ED74C5D2B0000, N'6.1.3-40302')
INSERT [dbo].[__MigrationHistory] ([MigrationId], [ContextKey], [Model], [ProductVersion]) VALUES (N'201709260318379_AutomaticMigration', N'iMusicaCorp.Infra.Data.Migrations.Configuration', 0x1F8B0800000000000400DD5ADD6EDB3614BE1FB077107439A4969D62C016D82D5227298C354911A7C5EE02463A768851944A52818D614FB68B3DD25E6187FA9728C9F24FE07428103412F9F1FC7C3C3CFA987FFFFE67FC7EE533EB1984A4019FD8A3C1D0B680BB8147F97262476AF1E617FBFDBB1F7F185F7AFECAFA9A8D7BABC7E14C2E27F69352E199E348F7097C22073E75452083851AB881EF102F704E87C35F9DD1C80184B011CBB2C6771157D487F817FC751A7017421511761D78C064FA1CDFCC6354EB86F82043E2C2C4A6D791A42E9906221CCCF84290C105516480100A56CAB6CE192568D51CD8C2B608E781220A6D3EFB2261AE44C097F3101F1076BF0E01C72D089390FA72560CEFEBD6F054BBE51413332837922AF0B7041CBD4DE3E4D4A7EF146D3B8F2346F21223AED6DAEB389A13FB0242E01E708C597DB5B329137A6435DA173884F2410C44410E728013CB1C7692930539A5FF9D58D388A948C08443A4046127D6E7E89151F73758DF077F009FF088B1B2C96834BEAB3CC0479F45108250EB3B58D41D9979B6E554019C3A423EBF6972E2F38CABB7A7B67583E690470639474AF199AB40C047E0208802EF33510A04A678A68130CA8619B545F5CF6C352425EE35DBBA26AB4FC097EA69629FFE8CBBEB8AAEC0CB9EA4167CE114B7264E522282060BBB57BDF44316AC010A4F3F46D4DB0C73439EE932F6BB05D0B6EE80C503E4130D93BD57B0E3A118762502FF2E60E5B0E76F1FE641245C1D96A075C83D114B505503C74EC1EC4EBE1766EC46F76CFE91D95ECEE2B664DF9501AF84BE84B2032CDBBDCA47CD39D1B1CCE8257CFB40857ACA16C5F30CEEA9BF3D8ADE374619EBBB99F3ED260FB39DB3BDDAB19DB31DDFD7440DD4685C8E988C28ECAABC302A4CF5ED5EC5255978B7C2A2E71EB9A864CCD9B6A03432EE3B3F38DB727E2E65E0D2D88D5A394D685735FC927B562707131FCAEC455730BD34C484E2F213FB27231A6DA0F95E2B40134256018783C1C8C0441280D0D1270C7B6889B4A25C998CA1DCA521615DCBD7266D41341DF47C89FA9BBC7074C573BFB5F3256AF4DF149BB153224537571AEA675B6EBB7AA322C1A5F6BD3F6DBAEAF466421E883CED46F4C9627BFFB3158BDA83BCBF1107A7535290F4272ECE00911A511C18F9C7AF7100E1576F7A06C9B4F8D5A9A191E7A01ABA80A20C9A9433185685C9E2D38452B06B03884E54134052DA6A934B9133CD48FB82D298C6C6A19EC84D353C37B8E2B0C1874D55BB0493BA5C3F86ABCEF570BCA95B33BDDF5493FA56A5920365FE7404A2A30EF5096A4744B2D33BDF2C8596E4246252263A392DAAD3F89A8421761625152A7D62CD13096AFA66BEBD1EE327188E2B1B6499DCDA7C25EC93C8126A6F7169B4F48A0AA9B4E8F54874EF32F57C6398591A5AB65AB69EB1FBCDDC65BB309BA2FF9F4CEB96E44A65C32CAD29D8153AEBEBE21CF7874D7C32E7C6EA20614474293AD380453EDFA81375E1253D67192879D21FA17C5A9471BA4E114DD05A708C73C6C8496D93D4B3DC8B03C5A63B2005DAEA4B0F06B44F3D6CB85F32FDB1705135257ED41F239325CA20D9B3FE28A9CC5006491FF5C7C8BAE832485B677D341227E7E80109DCD41FF4206FF3B4C384767FC2BE68728C83B83E245F3D3F906B07EF383D0437DF0919A76232C4B63034CFD4D327E27C2D15F84952E7DFD894D1B88FCD065C134E17205522A3D8A7C3D169ED2AE9F55CEB38527AACEFDDCE2BB84FA13AD01B859F3D34E86722DC27224C2968EF0B9288D36F11D0D8C805D5C5D6F8C29AA1B7AB89FD678C7166CD7E7F28604EAC5B81E43AB386D65F3BAA4EEDD71847BF3B3083F32A7258BA25E801BAFD9D808138DA4FEEF77043A8FDE57EDA78916BB23399D5C64C331CDB49E047D39E5F699139B4989C0819BBE8BCA60AB1A308BD93E6D7D23FBDA840FCBF1285B74A5A57F64B22DE6E6AF25E1706479178BF1F49D794777ACAB5DD6A6DD20EE351F31860D69362B5BD98DBA9E5362DB195D2DB2AF436211F41022EDB587CDBF5517B1B35CDD729F26E65725B596994EF5E44C1353F10714796FEB4104B82A4CB0242FFA12107B7B217F331F8D51F6465A1665136A4D61E5C8322D8BD9173810D307115BE7641CAF856FA2B61511CD047F066FC365261A4D065F01F59E5965B9796AEF56399BA6AF3F8368CFFFEE1102EA0995437A0B7FC43449997DB7DD5D0CAB440E89A95F65C3A974AF75ECB758E7413F09E4069F872CEDC03120FC1E42D9F9367D8C5B62F123EC192B8EBEC3BBF1D647322AA611F5F50B214C4972946311F7F450E7BFEEADD7F6CEAFB91612B0000, N'6.1.3-40302')
INSERT [dbo].[__MigrationHistory] ([MigrationId], [ContextKey], [Model], [ProductVersion]) VALUES (N'201709270529245_AutomaticMigration', N'iMusicaCorp.Infra.Data.Migrations.Configuration', 0x1F8B0800000000000400DD5ADB6EE336107D2FD07F10F458642D3B8B026D60EF22EB240BA39B0BE2ECA26F0B461A3B44294A4B52818DA25FD6877E527FA143DD254AB27C099C2D160836127938333C331C1DE6DFBFFF19BF5FF9CC7A062169C027F66830B42DE06EE051BE9CD8915ABCF9C57EFFEEC71FC6979EBFB2BE64E3DEEA713893CB89FDA45478E638D27D029FC8814F5D11C860A1066EE03BC40B9CD3E1F05767347200216CC4B2ACF17DC415F521FE057F9D06DC855045845D071E30993EC737F318D5BA213EC890B830B1E97524A94BA681080733BE10647041141920848295B2AD7346095A3507B6B02DC279A088429BCF3E4B982B11F0E53CC407843DAC43C0710BC224A4BE9C15C3FBBA353CD56E39C5C40CCA8DA40AFC2D01476FD33839F5E93B45DBCEE38891BCC488ABB5F63A8EE6C4BE8010B8071C63565FED6CCA841E598DF6050EA17C10035190831CE0C432879DE464414EE97F27D634622A1230E1102941D88975173D32EAFE06EB87E00FE0131E315636198DC6779507F8E84E042108B5BE8745DD9199675B4E15C0A923E4F39B26273ECFB87A7B6A5B37680E79649073A4149FB90A047C040E8228F0EE885220708B671A08A36C98515B54FFCC56435262AED9D635597D02BE544F13FBF467CCAE2BBA022F7B925AF099534C4D9CA444040D1676AF7AE9872C5803149E7E8CA8B719E6863CD365EC770BA06DDD038B07C8271A26B957B0E36B31EC4A04FE7DC0CA61CFDF7E9D079170755882D6210F442C41550D1C3B05B33BF95E98B11BDDB3F947667B7917B725FBAE0C7825F425941D60D9EE553E6ACE898E65462FE1DB072AD453B6289E67F040FDED5174DE1865AC6F32E7E9260F93CE59AE76A47396F17D4DD4408DC6E588C988C2AECA0BA3C254DFEE555C9285772B2C7AEE918B4AC69C6D0B4A23E3BEF383B36DCFCFA50C5C1ABB512BA709EDAA865F72CFEAE460E24399BDE80A6E2F0D714371F989FD93118D36D03CD70AD0849055C0E16030323091042074F409C31E5A22AD285726632877694858D7F2B5495B104D073D5FA2FE262F1C5DF1DC6FED7C891AFD37C566EC9448D1CD9586FAD9B6B75DBD51B1C1A5F6BD3F6DBAEAF466428EEA611EDFF20B60A0C03A77938F9C29912EF1CC9A8E39E51D8077EDF6F721407BEBB41501DBF7677F230ECEC4A496E9AF639C012235A2386BF2EF66E3ECC20FE6F4F89269DDACB34A23CF41353410450535D96A90B30A93C5A709A520E60610BD514D004955AC4D2E45CE34236D294A631A7B8EFA466E2AFFB9C115870D3E6C2AF82598D4E57ADE559DEBE17853A3677ABFA99CF52D682507CAFCE908444709EB13D48E8864077F9E2C850CE5243A54A657392D82D5F89A8421362525012B7D62CD13F56AFA66BEBD94E327188E2B1B149DDCDA7C256CB1C8126A6F7169B4F48A0AA9B45EF64874DB33F57C6398591A5A522D5BCFC87E73EFB22CCCA6E8FF27D3BAD5BC52D9304B6B0A7685CEFABA38C7AD65139FCCB9B1B04818115D62D0346091CF374A4C5D7849BB5A064A9EF447289F16659CAE534413B4161CE39C31F6C438AEABBBDC8B0345D21D90026DF5A50703DAA71E36DC2FB9FDB1E65135257ED41F235334CA20D9B3FE28A9425106491FF5C7C81AF032485B537E341227E7E80109DCD41FF4206FF3B4C384767FC2BEE8E61807717D48BE7A7E20D70EDE717A086EBE4E324EC564886D61689EA9A74FC4F95A2AF0934D9D7F635346E33E361B704D385D80548902639F0E47A7B55BA8D77323E448E9B1BED742AFE02A86EA406FD48CF690AF9F89709F883055A4BDEF56224EBF454063231754175BE30B6B86DEAE26F69F31C69935FBFD6B017362DD0A24D79935B4FEDA51B06ABF0139FAB583199C57B187A50B861EA0DB5F271888A3FD6E0A3C4C08B5FF4D016DBC0336D999CC6A63A6198EEDD4F3A3C9D6AFB4C81C5A874E848C5D24625385D851BFDE49F36BE99F5E545BFE5FE9C95B6DDA4135DE06D566570D7BAF6B8AA3A8C3DF8F1A6C2A433D95DE6EA137E9A4F1947A0C70D7933AB7BD0EDC2903372DB19548DCAA1137211F413D2EDB587C16F6118A1BE5D0D7A90F6F65725B596954FE5E44FC35BF2D31234B7FD0882541D26501A1FFBC91835BC9C57CCC8C2F82AC2CD42CCA86D43A8B6B50041B3F722EB07726AEC2D72E4819DF857F212C8A03FA08DE8CDF462A8C14BA0CFE23ABDCADEBD2D2B57EAC70576D1EDF86F15F5D1CC2053493EADEF5967F8828F372BBAF1ABAA016085DB3D2764DEFA5D26DDB729D23DD04BC27501ABE9C330F80C4433079CBE7E41976B1EDB3844FB024EE3A9308DA41366F4435ECE30B4A9682F832C528E6E3AFC861CF5FBDFB0FD9A97C70D72B0000, N'6.1.3-40302')
INSERT [dbo].[__MigrationHistory] ([MigrationId], [ContextKey], [Model], [ProductVersion]) VALUES (N'201709270540462_AutomaticMigration', N'iMusicaCorp.Infra.Data.Migrations.Configuration', 0x1F8B0800000000000400DD5ADD6EDB3614BE1FB077107439A4969D62C016D82D5227298C354911A7C5EE02463A768851944A52818D614FB68B3DD25E6187FA9728C9F24FE07428103412F9F1FC7C3C3CFA987FFFFE67FC7EE533EB1984A4019FD8A3C1D0B680BB8147F97262476AF1E617FBFDBB1F7F185F7AFECAFA9A8D7BABC7E14C2E27F69352E199E348F7097C22073E75452083851AB881EF102F704E87C35F9DD1C80184B011CBB2C6771157D487F817FC751A7017421511761D78C064FA1CDFCC6354EB86F82043E2C2C4A6D791A42E9906221CCCF84290C105516480100A56CAB6CE192568D51CD8C2B608E781220A6D3EFB2261AE44C097F3101F1076BF0E01C72D089390FA72560CEFEBD6F054BBE51413332837922AF0B7041CBD4DE3E4D4A7EF146D3B8F2346F21223AED6DAEB389A13FB0242E01E708C597DB5B329137A6435DA173884F2410C44410E728013CB1C7692930539A5FF9D58D388A948C08443A4046127D6E7E89151F73758DF077F009FF088B1B2C96834BEAB3CC0479F45108250EB3B58D41D9979B6E554019C3A423EBF6972E2F38CABB7A7B67583E690470639474AF199AB40C047E0208802EF33510A04A678A68130CA8619B545F5CF6C352425EE35DBBA26AB4FC097EA69629FFE8CBBEB8AAEC0CB9EA4167CE114B7264E522282060BBB57BDF44316AC010A4F3F46D4DB0C73439EE932F6BB05D0B6EE80C503E4130D93BD57B0E3A118762502FF2E60E5B0E76F1FE641245C1D96A075C83D114B505503C74EC1EC4EBE1766EC46F76CFE91D95ECEE2B664DF9501AF84BE84B2032CDBBDCA47CD39D1B1CCE8257CFB40857ACA16C5F30CEEA9BF3D8ADE374619EBBB99F3ED260FB39DB3BDDAB19DB31DDFD7440DD4685C8E988C28ECAABC302A4CF5ED5EC5255978B7C2A2E71EB9A864CCD9B6A03432EE3B3F38DB727E2E65E0D2D88D5A394D685735FC927B562707131FCAEC455730BD34C484E2F213FB27231A6DA0F95E2B40134256018783C1C8C0441280D0D1270C7B6889B4A25C998CA1DCA521615DCBD7266D41341DF47C89FA9BBC7074C573BFB5F3256AF4DF149BB153224537571AEA675B6EBB7AA322C1A5F6BD3F6DBAEAF466421E883CED46F4C9627BFFB3158BDA83BCBF1107A7535290F4272ECE00911A511C18F9C7AF7100E1576F7A06C9B4F8D5A9A191E7A01ABA80A20C9A9433185685C9E2D38452B06B03884E54134052DA6A934B9133CD48FB82D298C6C6A19EC84D353C37B8E2B0C1874D55BB0493BA5C3F86ABCEF570BCA95B33BDDF5493FA56A5920365FE7404A2A30EF5096A4744B2D33BDF2C8596E4246252263A392DAAD3F89A8421761625152A7D62CD13096AFA66BEBD1EE327188E2B1B6499DCDA7C25EC93C8126A6F7169B4F48A0AA9B4E8F54874EF32F57C6398591A5AB65AB69EB1FBCDDC65BB309BA2FF9F4CEB96E44A65C32CAD29D8153AEBEBE21CF7874D7C32E7C6EA20614474293AD380453EDFA81375E1253D67192879D21FA17C5A9471BA4E114DD05A708C73C6C8496D93D4B3DC8B03C5A63B2005DAEA4B0F06B44F3D6CB85F32FDB1705135257ED41F239325CA20D9B3FE28A9CC5006491FF5C7C8BAE832485B677D341227E7E80109DCD41FF4206FF3B4C384767FC2BE68728C83B83E245F3D3F906B07EF383D0437DF0919A76232C4B63034CFD4D327E27C2D15F84952E7DFD894D1B88FCD065C134E17205522A3D8A7C3D169ED2AE9F55CEB38527AACEFDDCE2BB84FA13AD01B859F3D34E86722DC27224C2968EF0B9288D36F11D0D8C805D5C5D6F8C29AA1B7AB89FD678C7166CD7E7F28604EAC5B81E43AB386D65F3BAA4EEDD71847BF3B3083F32A7258BA25E801BAFD9D808138DA4FEEF77043A8FDE57EDA78916BB23399D5C64C331CDB49E047D39E5F699139B4989C0819BBE8BCA60AB1A308BD93E6D7D23FBDA840FCBF1285B74A5A57F64B22DE6E6AF25E1706479178BF1F49D794777ACAB5DD6A6DD20EE351F31860D69362B5BD98DBA9E5362DB195D2DB2AF436211F41022EDB587CDBF5517B1B35CDD729F26E65725B596994EF5E44C1353F10714796FEB4104B82A4CB0242FFA12107B7B217F331F8D51F6465A1665136A4D61E5C8322D8BD9173810D307115BE7641CAF856FA2B61511CD047F066FC365261A4D065F01F59E5965B9796AEF56399BA6AF3F8368CFFFEE1102EA0995437A0B7FC43449997DB7DD5D0CAB440E89A95F65C3A974AF75ECB758E7413F09E4069F872CEDC03120FC1E42D9F9367D8C5B62F123EC192B8EBEC3BBF1D647322AA611F5F50B214C4972946311F7F450E7BFEEADD7F6CEAFB91612B0000, N'6.1.3-40302')
INSERT [dbo].[__MigrationHistory] ([MigrationId], [ContextKey], [Model], [ProductVersion]) VALUES (N'201709270635396_AutomaticMigration', N'iMusicaCorp.Infra.Data.Migrations.Configuration', 0x1F8B0800000000000400DD5ADB6EE336107D2FD07F10F458642D3B8B026D60EF22EB240BA39B0BE2ECA26F0B461A3B44294A4B52818DA25FD6877E527FA143DD254AB27C099C2D160836127938333C331C1DE6DFBFFF19BF5FF9CC7A062169C027F66830B42DE06EE051BE9CD8915ABCF9C57EFFEEC71FC6979EBFB2BE64E3DEEA713893CB89FDA45478E638D27D029FC8814F5D11C860A1066EE03BC40B9CD3E1F05767347200216CC4B2ACF17DC415F521FE057F9D06DC855045845D071E30993EC737F318D5BA213EC890B830B1E97524A94BA681080733BE10647041141920848295B2AD7346095A3507B6B02DC279A088429BCF3E4B982B11F0E53CC407843DAC43C0710BC224A4BE9C15C3FBBA353CD56E39C5C40CCA8DA40AFC2D01476FD33839F5E93B45DBCEE38891BCC488ABB5F63A8EE6C4BE8010B8071C63565FED6CCA841E598DF6050EA17C10035190831CE0C432879DE464414EE97F27D634622A1230E1102941D88975173D32EAFE06EB87E00FE0131E315636198DC6779507F8E84E042108B5BE8745DD9199675B4E15C0A923E4F39B26273ECFB87A7B6A5B37680E79649073A4149FB90A047C040E8228F0EE885220708B671A08A36C98515B54FFCC56435262AED9D635597D02BE544F13FBF467CCAE2BBA022F7B925AF099534C4D9CA444040D1676AF7AE9872C5803149E7E8CA8B719E6863CD365EC770BA06DDD038B07C8271A26B957B0E36B31EC4A04FE7DC0CA61CFDF7E9D079170755882D6210F442C41550D1C3B05B33BF95E98B11BDDB3F947667B7917B725FBAE0C7825F425941D60D9EE553E6ACE898E65462FE1DB072AD453B6289E67F040FDED5174DE1865AC6F32E7E9260F93CE59AE76A47396F17D4DD4408DC6E588C988C2AECA0BA3C254DFEE555C9285772B2C7AEE918B4AC69C6D0B4A23E3BEF383B36DCFCFA50C5C1ABB512BA709EDAA865F72CFEAE460E24399BDE80A6E2F0D714371F989FD93118D36D03CD70AD0849055C0E16030323091042074F409C31E5A22AD285726632877694858D7F2B5495B104D073D5FA2FE262F1C5DF1DC6FED7C891AFD37C566EC9448D1CD9586FAD9B6B75DBD51B1C1A5F6BD3F6DBAEAF466428EEA611EDFF20B60A0C03A77938F9C29912EF1CC9A8E39E51D8077EDF6F721407BEBB41501DBF7677F230ECEC4A496E9AF639C012235A2386BF2EF66E3ECC20FE6F4F89269DDACB34A23CF41353410450535D96A90B30A93C5A709A520E60610BD514D004955AC4D2E45CE34236D294A631A7B8EFA466E2AFFB9C115870D3E6C2AF82598D4E57ADE559DEBE17853A3677ABFA99CF52D682507CAFCE908444709EB13D48E8864077F9E2C850CE5243A54A657392D82D5F89A8421362525012B7D62CD13F56AFA66BEBD94E327188E2B1B149DDCDA7C256CB1C8126A6F7169B4F48A0AA9B45EF64874DB33F57C6398591A5A522D5BCFC87E73EFB22CCCA6E8FF27D3BAD5BC52D9304B6B0A7685CEFABA38C7AD65139FCCB9B1B04818115D62D0346091CF374A4C5D7849BB5A064A9EF447289F16659CAE534413B4161CE39C31F6C438AEABBBDC8B0345D21D90026DF5A50703DAA71E36DC2FB9FDB1E65135257ED41F235334CA20D9B3FE28A9425106491FF5C7C81AF032485B537E341227E7E80109DCD41FF4206FF3B4C384767FC2BEE8E61807717D48BE7A7E20D70EDE717A086EBE4E324EC564886D61689EA9A74FC4F95A2AF0934D9D7F635346E33E361B704D385D80548902639F0E47A7B55BA8D77323E448E9B1BED742AFE02A86EA406FD48CF690AF9F89709F883055A4BDEF56224EBF454063231754175BE30B6B86DEAE26F69F31C69935FBFD6B017362DD0A24D79935B4FEDA51B06ABF0139FAB583199C57B187A50B861EA0DB5F271888A3FD6E0A3C4C08B5FF4D016DBC0336D999CC6A63A6198EEDD4F3A3C9D6AFB4C81C5A874E848C5D24625385D851BFDE49F36BE99F5E545BFE5FE9C95B6DDA4135DE06D566570D7BAF6B8AA3A8C3DF8F1A6C2A433D95DE6EA137E9A4F1947A0C70D7933AB7BD0EDC2903372DB19548DCAA1137211F413D2EDB587C16F6118A1BE5D0D7A90F6F65725B596954FE5E44FC35BF2D31234B7FD0882541D26501A1FFBC91835BC9C57CCC8C2F82AC2CD42CCA86D43A8B6B50041B3F722EB07726AEC2D72E4819DF857F212C8A03FA08DE8CDF462A8C14BA0CFE23ABDCADEBD2D2B57EAC70576D1EDF86F15F5D1CC2053493EADEF5967F8828F372BBAF1ABAA016085DB3D2764DEFA5D26DDB729D23DD04BC27501ABE9C330F80C4433079CBE7E41976B1EDB3844FB024EE3A9308DA41366F4435ECE30B4A9682F832C528E6E3AFC861CF5FBDFB0FD9A97C70D72B0000, N'6.1.3-40302')
SET IDENTITY_INSERT [dbo].[Dependent] ON 

INSERT [dbo].[Dependent] ([DependentId], [Name], [EmployeeId]) VALUES (7, N'Barega Aiken', N'18191ff0-407c-4d47-be6d-88c9fca493d9')
INSERT [dbo].[Dependent] ([DependentId], [Name], [EmployeeId]) VALUES (8, N'Annette Simmonds', N'7a8c90d2-0e39-47b4-bba4-8ae9f2c248a3')
INSERT [dbo].[Dependent] ([DependentId], [Name], [EmployeeId]) VALUES (9, N'Whitcombe Norden', N'e7d15a59-dfa6-40a8-98fd-9feb2d08cdcf')
INSERT [dbo].[Dependent] ([DependentId], [Name], [EmployeeId]) VALUES (10, N'Juan Branscum', N'e7d15a59-dfa6-40a8-98fd-9feb2d08cdcf')
INSERT [dbo].[Dependent] ([DependentId], [Name], [EmployeeId]) VALUES (11, N'Semine Aiken', N'6716af79-784e-4657-9a24-ea5eb9c46311')
INSERT [dbo].[Dependent] ([DependentId], [Name], [EmployeeId]) VALUES (12, N'Amin Compton', N'84247c17-0a31-4643-bad3-2e6fc69cb028')
INSERT [dbo].[Dependent] ([DependentId], [Name], [EmployeeId]) VALUES (13, N'Manus Lyman', N'2d5f9f3f-8fc0-4980-b30c-8901f3fa2a58')
INSERT [dbo].[Dependent] ([DependentId], [Name], [EmployeeId]) VALUES (14, N'Surotama Aiken', N'18191ff0-407c-4d47-be6d-88c9fca493d9')
INSERT [dbo].[Dependent] ([DependentId], [Name], [EmployeeId]) VALUES (15, N'Adley Sabella', N'ffacacd1-38a0-4542-a3d2-c4d65c1cfd62')
INSERT [dbo].[Dependent] ([DependentId], [Name], [EmployeeId]) VALUES (16, N'Brody Broyles', N'a48bae17-688e-4bec-b978-dd15f7eadabe')
INSERT [dbo].[Dependent] ([DependentId], [Name], [EmployeeId]) VALUES (17, N'Manus Gresham', N'ffacacd1-38a0-4542-a3d2-c4d65c1cfd62')
INSERT [dbo].[Dependent] ([DependentId], [Name], [EmployeeId]) VALUES (18, N'Salomo Jelks', N'7bf434ec-e5ae-4554-ac30-d0060fa58e27')
INSERT [dbo].[Dependent] ([DependentId], [Name], [EmployeeId]) VALUES (19, N'Shantal Duerr', N'cd6cb59d-740b-46bd-b283-d265bfd615b1')
INSERT [dbo].[Dependent] ([DependentId], [Name], [EmployeeId]) VALUES (20, N'Oonagh Schwandt', N'f6000f46-95eb-474b-9338-ffa7b35ed890')
INSERT [dbo].[Dependent] ([DependentId], [Name], [EmployeeId]) VALUES (21, N'Owena Hedrick', N'9e38b596-9658-47be-804d-d9d4041a5b13')
INSERT [dbo].[Dependent] ([DependentId], [Name], [EmployeeId]) VALUES (22, N'Bhagirath Jan', N'84e7222f-44ae-44f8-b0d1-ed9518b2f098')
INSERT [dbo].[Dependent] ([DependentId], [Name], [EmployeeId]) VALUES (23, N'Mena Volkman', N'a02b69c6-3762-430b-98a7-67e52fb1f800')
INSERT [dbo].[Dependent] ([DependentId], [Name], [EmployeeId]) VALUES (24, N'Cirea Bonneau', N'0dbe00ed-3233-414c-a374-7a983f573c83')
INSERT [dbo].[Dependent] ([DependentId], [Name], [EmployeeId]) VALUES (25, N'Eamnonn Schueller', N'bb6db0a1-e01c-4561-a63f-7f7e7a129909')
INSERT [dbo].[Dependent] ([DependentId], [Name], [EmployeeId]) VALUES (26, N'Owena Schaible', N'2d5f9f3f-8fc0-4980-b30c-8901f3fa2a58')
SET IDENTITY_INSERT [dbo].[Dependent] OFF
INSERT [dbo].[Employee] ([EmployeeId], [Name], [Email], [Birth], [RoleId], [Gender]) VALUES (N'a168605c-623f-4332-bde3-0778a91f0f6f', N'Lara Camargo', N'lara@dominio.com.br', CAST(N'1954-11-17 00:00:00.000' AS DateTime), 1, N'F')
INSERT [dbo].[Employee] ([EmployeeId], [Name], [Email], [Birth], [RoleId], [Gender]) VALUES (N'1d0c03c9-9324-47bf-87cc-13f6da2a3e07', N'Davi Lucas Araújo', N'davi lucas@dominio.com.br', CAST(N'1981-10-24 00:00:00.000' AS DateTime), 1, N'M')
INSERT [dbo].[Employee] ([EmployeeId], [Name], [Email], [Birth], [RoleId], [Gender]) VALUES (N'3ba0e7ee-b10c-41e5-b234-196995a8ce26', N'Elisa Rocha', N'elisa@dominio.com.br', CAST(N'1989-11-30 00:00:00.000' AS DateTime), 1, N'F')
INSERT [dbo].[Employee] ([EmployeeId], [Name], [Email], [Birth], [RoleId], [Gender]) VALUES (N'a09e5c2f-a27e-4f35-82cd-1a99a28398ed', N'Rodrigo Martins', N'rodrigo@dominio.com.br', CAST(N'1956-09-21 00:00:00.000' AS DateTime), 1, N'M')
INSERT [dbo].[Employee] ([EmployeeId], [Name], [Email], [Birth], [RoleId], [Gender]) VALUES (N'c1b5269b-dbc8-43af-9a10-1bc70ed0d77d', N'Martim Alves', N'martim@dominio.com.br', CAST(N'1970-09-04 00:00:00.000' AS DateTime), 1, N'M')
INSERT [dbo].[Employee] ([EmployeeId], [Name], [Email], [Birth], [RoleId], [Gender]) VALUES (N'c755c65b-7d51-4887-990b-1ce3c547fa8d', N'Tiago Silva', N'tiago@dominio.com.br', CAST(N'1952-09-21 00:00:00.000' AS DateTime), 1, N'M')
INSERT [dbo].[Employee] ([EmployeeId], [Name], [Email], [Birth], [RoleId], [Gender]) VALUES (N'9fc01eb9-f516-4484-bb88-25667f8d8c39', N'Duarte Garcia', N'duarte@dominio.com.br', CAST(N'1973-01-25 00:00:00.000' AS DateTime), 1, N'M')
INSERT [dbo].[Employee] ([EmployeeId], [Name], [Email], [Birth], [RoleId], [Gender]) VALUES (N'ca348454-d16b-498a-af7d-2992c1d327b3', N'Maria Clara Moreira', N'maria clara@dominio.com.br', CAST(N'1956-05-01 00:00:00.000' AS DateTime), 1, N'F')
INSERT [dbo].[Employee] ([EmployeeId], [Name], [Email], [Birth], [RoleId], [Gender]) VALUES (N'84247c17-0a31-4643-bad3-2e6fc69cb028', N'Rafael Paes', N'rafael@dominio.com.br', CAST(N'1999-03-29 00:00:00.000' AS DateTime), 1, N'M')
INSERT [dbo].[Employee] ([EmployeeId], [Name], [Email], [Birth], [RoleId], [Gender]) VALUES (N'a9ac101c-5d50-4786-b82c-2f1da8826ae3', N'Aline Bernardes', N'aline@dominio.com.br', CAST(N'1965-07-09 00:00:00.000' AS DateTime), 1, N'F')
INSERT [dbo].[Employee] ([EmployeeId], [Name], [Email], [Birth], [RoleId], [Gender]) VALUES (N'61e17792-89c9-4651-98e7-31ffdd582b50', N'Isa Oliveira', N'isa@dominio.com.br', CAST(N'1964-08-03 00:00:00.000' AS DateTime), 1, N'F')
INSERT [dbo].[Employee] ([EmployeeId], [Name], [Email], [Birth], [RoleId], [Gender]) VALUES (N'dc5e4a72-a9ac-4a36-804a-352820c4ff53', N'Vitória Santana', N'vitoria@dominio.com.br', CAST(N'1962-07-30 00:00:00.000' AS DateTime), 2, N'F')
INSERT [dbo].[Employee] ([EmployeeId], [Name], [Email], [Birth], [RoleId], [Gender]) VALUES (N'b6e774ab-9686-456c-9313-3732da0ab1aa', N'Lívia Chaves', N'livia@dominio.com.br', CAST(N'1953-02-07 00:00:00.000' AS DateTime), 2, N'F')
INSERT [dbo].[Employee] ([EmployeeId], [Name], [Email], [Birth], [RoleId], [Gender]) VALUES (N'5490c11b-856a-4636-83ad-3852b64cbbea', N'Rafaela Xavier', N'rafaela@dominio.com.br', CAST(N'1979-08-30 00:00:00.000' AS DateTime), 2, N'F')
INSERT [dbo].[Employee] ([EmployeeId], [Name], [Email], [Birth], [RoleId], [Gender]) VALUES (N'cec3b99b-67b5-480e-bb76-3a1d4b86f498', N'João Miguel Novaes', N'joao miguel@dominio.com.br', CAST(N'1971-08-01 00:00:00.000' AS DateTime), 2, N'M')
INSERT [dbo].[Employee] ([EmployeeId], [Name], [Email], [Birth], [RoleId], [Gender]) VALUES (N'07835497-242a-4eca-bd12-3ae4aad08ad5', N'Henrique Fernandes', N'henrique@dominio.com.br', CAST(N'1953-02-07 00:00:00.000' AS DateTime), 2, N'M')
INSERT [dbo].[Employee] ([EmployeeId], [Name], [Email], [Birth], [RoleId], [Gender]) VALUES (N'49e53e2f-42fc-434c-a16f-3e137f9f73ec', N'Enzo Menezes', N'enzo@dominio.com.br', CAST(N'1951-05-04 00:00:00.000' AS DateTime), 2, N'M')
INSERT [dbo].[Employee] ([EmployeeId], [Name], [Email], [Birth], [RoleId], [Gender]) VALUES (N'13e58066-3ed3-4bad-84be-4a2e185669bb', N'Yara Moraes', N'yara@dominio.com.br', CAST(N'1978-03-26 00:00:00.000' AS DateTime), 2, N'M')
INSERT [dbo].[Employee] ([EmployeeId], [Name], [Email], [Birth], [RoleId], [Gender]) VALUES (N'c30a8750-99a6-43ec-8333-4cdb3953f2e0', N'Rafaela Moreira', N'rafaela@dominio.com.br', CAST(N'1985-03-11 00:00:00.000' AS DateTime), 2, N'F')
INSERT [dbo].[Employee] ([EmployeeId], [Name], [Email], [Birth], [RoleId], [Gender]) VALUES (N'f080a9b4-dddf-4994-8f54-6291080701a9', N'Luana Medeiros', N'luana@dominio.com.br', CAST(N'1995-08-22 00:00:00.000' AS DateTime), 2, N'F')
INSERT [dbo].[Employee] ([EmployeeId], [Name], [Email], [Birth], [RoleId], [Gender]) VALUES (N'71d3babb-0707-4df1-b3bb-655fe3c195af', N'Diego Pereira', N'diego@dominio.com.br', CAST(N'1966-03-06 00:00:00.000' AS DateTime), 3, N'M')
INSERT [dbo].[Employee] ([EmployeeId], [Name], [Email], [Birth], [RoleId], [Gender]) VALUES (N'a02b69c6-3762-430b-98a7-67e52fb1f800', N'Rafael Pilar', N'rafael@dominio.com.br', CAST(N'1961-09-22 00:00:00.000' AS DateTime), 3, N'M')
INSERT [dbo].[Employee] ([EmployeeId], [Name], [Email], [Birth], [RoleId], [Gender]) VALUES (N'48ced389-23d2-4499-a2be-71578ce66c53', N'Caio Duarte', N'caio@dominio.com.br', CAST(N'1988-03-25 00:00:00.000' AS DateTime), 3, N'M')
INSERT [dbo].[Employee] ([EmployeeId], [Name], [Email], [Birth], [RoleId], [Gender]) VALUES (N'ac9c964b-766f-447e-8a75-78c0479b29cb', N'Sara Galisteu', N'sara@dominio.com.br', CAST(N'1965-01-11 00:00:00.000' AS DateTime), 3, N'F')
INSERT [dbo].[Employee] ([EmployeeId], [Name], [Email], [Birth], [RoleId], [Gender]) VALUES (N'0dbe00ed-3233-414c-a374-7a983f573c83', N'Enzo Menezes', N'enzo@dominio.com.br', CAST(N'1951-05-04 00:00:00.000' AS DateTime), 3, N'M')
INSERT [dbo].[Employee] ([EmployeeId], [Name], [Email], [Birth], [RoleId], [Gender]) VALUES (N'f6e66a05-f63c-471a-bd19-7be904193e51', N'Eduarda Queiroz', N'eduarda@dominio.com.br', CAST(N'1968-03-30 00:00:00.000' AS DateTime), 3, N'F')
INSERT [dbo].[Employee] ([EmployeeId], [Name], [Email], [Birth], [RoleId], [Gender]) VALUES (N'6969a490-07f3-4539-b3a7-7d984864d3cb', N'Gustavo Queiroz', N'gustavo@dominio.com.br', CAST(N'1971-09-22 00:00:00.000' AS DateTime), 3, N'M')
INSERT [dbo].[Employee] ([EmployeeId], [Name], [Email], [Birth], [RoleId], [Gender]) VALUES (N'bb6db0a1-e01c-4561-a63f-7f7e7a129909', N'Bruno Batista', N'bruno@dominio.com.br', CAST(N'2000-11-22 00:00:00.000' AS DateTime), 3, N'M')
INSERT [dbo].[Employee] ([EmployeeId], [Name], [Email], [Birth], [RoleId], [Gender]) VALUES (N'dd7c5840-15bf-4e37-af5a-821b3f2093e2', N'Isadora Silva', N'isadora@dominio.com.br', CAST(N'1951-03-12 00:00:00.000' AS DateTime), 3, N'F')
INSERT [dbo].[Employee] ([EmployeeId], [Name], [Email], [Birth], [RoleId], [Gender]) VALUES (N'18191ff0-407c-4d47-be6d-88c9fca493d9', N'Samuel Camargo', N'samuel@dominio.com.br', CAST(N'1999-10-28 00:00:00.000' AS DateTime), 3, N'M')
INSERT [dbo].[Employee] ([EmployeeId], [Name], [Email], [Birth], [RoleId], [Gender]) VALUES (N'2d5f9f3f-8fc0-4980-b30c-8901f3fa2a58', N'Ricardo Pinheiro', N'ricardo@dominio.com.br', CAST(N'1974-10-17 00:00:00.000' AS DateTime), 4, N'M')
INSERT [dbo].[Employee] ([EmployeeId], [Name], [Email], [Birth], [RoleId], [Gender]) VALUES (N'7a8c90d2-0e39-47b4-bba4-8ae9f2c248a3', N'Nicolas Batista', N'nicolas@dominio.com.br', CAST(N'1959-06-12 00:00:00.000' AS DateTime), 4, N'M')
INSERT [dbo].[Employee] ([EmployeeId], [Name], [Email], [Birth], [RoleId], [Gender]) VALUES (N'adce352c-8243-472b-af6f-8be5575438ae', N'Lucas Pilar', N'lucas@dominio.com.br', CAST(N'1976-05-17 00:00:00.000' AS DateTime), 4, N'M')
INSERT [dbo].[Employee] ([EmployeeId], [Name], [Email], [Birth], [RoleId], [Gender]) VALUES (N'2f2c92cc-e490-4cb8-8c02-8f2d9c5a8d5a', N'Alan,Frias', N'alan@dominio.com.br', CAST(N'2000-10-27 00:00:00.000' AS DateTime), 4, N'M')
INSERT [dbo].[Employee] ([EmployeeId], [Name], [Email], [Birth], [RoleId], [Gender]) VALUES (N'fd1fa2a5-632a-4e11-b59e-9f7b636141d2', N'Gustavo Gonçalves', N'gustavo@dominio.com.br', CAST(N'1978-08-22 00:00:00.000' AS DateTime), 4, N'M')
INSERT [dbo].[Employee] ([EmployeeId], [Name], [Email], [Birth], [RoleId], [Gender]) VALUES (N'e7d15a59-dfa6-40a8-98fd-9feb2d08cdcf', N'Daniel,Barreto', N'daniel@dominio.com.br', CAST(N'1971-03-14 00:00:00.000' AS DateTime), 4, N'M')
INSERT [dbo].[Employee] ([EmployeeId], [Name], [Email], [Birth], [RoleId], [Gender]) VALUES (N'5f93bce4-4a42-4755-9816-a16107111f53', N'Bianca Campos', N'bianca@dominio.com.br', CAST(N'1951-02-16 00:00:00.000' AS DateTime), 4, N'F')
INSERT [dbo].[Employee] ([EmployeeId], [Name], [Email], [Birth], [RoleId], [Gender]) VALUES (N'67955dcd-39fe-4f20-bcde-a520e5022990', N'Mariana Rocha', N'mariana@dominio.com.br', CAST(N'1952-12-04 00:00:00.000' AS DateTime), 4, N'F')
INSERT [dbo].[Employee] ([EmployeeId], [Name], [Email], [Birth], [RoleId], [Gender]) VALUES (N'ffacacd1-38a0-4542-a3d2-c4d65c1cfd62', N'Aurora Galisteu', N'aurora@dominio.com.br', CAST(N'1960-05-20 00:00:00.000' AS DateTime), 4, N'F')
INSERT [dbo].[Employee] ([EmployeeId], [Name], [Email], [Birth], [RoleId], [Gender]) VALUES (N'7bf434ec-e5ae-4554-ac30-d0060fa58e27', N'Fabrí­cio Frias', N'fabricio@dominio.com.br', CAST(N'1960-06-04 00:00:00.000' AS DateTime), 4, N'M')
INSERT [dbo].[Employee] ([EmployeeId], [Name], [Email], [Birth], [RoleId], [Gender]) VALUES (N'362141ec-6b24-485b-8179-d07d06c8f7c0', N'Carlos Albuquerque', N'carlos@dominio.com.br', CAST(N'1980-02-13 00:00:00.000' AS DateTime), 5, N'M')
INSERT [dbo].[Employee] ([EmployeeId], [Name], [Email], [Birth], [RoleId], [Gender]) VALUES (N'cd6cb59d-740b-46bd-b283-d265bfd615b1', N'Benjamin Ribeiro', N'benjamin@dominio.com.br', CAST(N'1958-06-27 00:00:00.000' AS DateTime), 5, N'M')
INSERT [dbo].[Employee] ([EmployeeId], [Name], [Email], [Birth], [RoleId], [Gender]) VALUES (N'9e38b596-9658-47be-804d-d9d4041a5b13', N'Henrique Morais', N'henrique@dominio.com.br', CAST(N'1972-10-09 00:00:00.000' AS DateTime), 5, N'M')
INSERT [dbo].[Employee] ([EmployeeId], [Name], [Email], [Birth], [RoleId], [Gender]) VALUES (N'a48bae17-688e-4bec-b978-dd15f7eadabe', N'Ana Beatriz Soares', N'ana beatriz@dominio.com.br', CAST(N'1970-08-02 00:00:00.000' AS DateTime), 5, N'F')
INSERT [dbo].[Employee] ([EmployeeId], [Name], [Email], [Birth], [RoleId], [Gender]) VALUES (N'43f0801d-ef0f-475b-b352-e5759e5dc1e4', N'Melissa Marques', N'melissa@dominio.com.br', CAST(N'1993-02-04 00:00:00.000' AS DateTime), 5, N'F')
INSERT [dbo].[Employee] ([EmployeeId], [Name], [Email], [Birth], [RoleId], [Gender]) VALUES (N'd722ae72-1a2b-4721-87e9-ea231e7235a5', N'Nicolas Medeiros', N'nicolas@dominio.com.br', CAST(N'1972-05-07 00:00:00.000' AS DateTime), 5, N'M')
INSERT [dbo].[Employee] ([EmployeeId], [Name], [Email], [Birth], [RoleId], [Gender]) VALUES (N'6716af79-784e-4657-9a24-ea5eb9c46311', N'Samuel Queiroz', N'samuel@dominio.com.br', CAST(N'1993-09-27 00:00:00.000' AS DateTime), 5, N'M')
INSERT [dbo].[Employee] ([EmployeeId], [Name], [Email], [Birth], [RoleId], [Gender]) VALUES (N'84e7222f-44ae-44f8-b0d1-ed9518b2f098', N'Fábio Batista', N'fabio@dominio.com.br', CAST(N'1972-07-10 00:00:00.000' AS DateTime), 5, N'M')
INSERT [dbo].[Employee] ([EmployeeId], [Name], [Email], [Birth], [RoleId], [Gender]) VALUES (N'8aa6625e-de05-4a78-ac74-f48f51fbf39b', N'Thomas Campos', N'thomas@dominio.com.br', CAST(N'2002-07-19 00:00:00.000' AS DateTime), 5, N'M')
INSERT [dbo].[Employee] ([EmployeeId], [Name], [Email], [Birth], [RoleId], [Gender]) VALUES (N'287ca45b-c5e1-49e1-aa17-f5ab1eae629e', N'Pedro Menezes', N'pedro@dominio.com.br', CAST(N'1983-11-21 00:00:00.000' AS DateTime), 5, N'M')
INSERT [dbo].[Employee] ([EmployeeId], [Name], [Email], [Birth], [RoleId], [Gender]) VALUES (N'f6000f46-95eb-474b-9338-ffa7b35ed890', N'Bruna Mello', N'bruna@dominio.com.br', CAST(N'1994-10-10 00:00:00.000' AS DateTime), 5, N'F')
SET IDENTITY_INSERT [dbo].[Role] ON 

INSERT [dbo].[Role] ([RoleId], [Name]) VALUES (1, N'Analista de negócio')
INSERT [dbo].[Role] ([RoleId], [Name]) VALUES (2, N'Analista de sistemas')
INSERT [dbo].[Role] ([RoleId], [Name]) VALUES (3, N'Gerente de projetos')
INSERT [dbo].[Role] ([RoleId], [Name]) VALUES (4, N'Diretor de TI')
INSERT [dbo].[Role] ([RoleId], [Name]) VALUES (5, N'Recursos Humanos')
SET IDENTITY_INSERT [dbo].[Role] OFF
ALTER TABLE [dbo].[Dependent]  WITH CHECK ADD  CONSTRAINT [FK_dbo.Dependent_dbo.Employee_EmployeeId] FOREIGN KEY([EmployeeId])
REFERENCES [dbo].[Employee] ([EmployeeId])
ON DELETE CASCADE
GO
ALTER TABLE [dbo].[Dependent] CHECK CONSTRAINT [FK_dbo.Dependent_dbo.Employee_EmployeeId]
GO
ALTER TABLE [dbo].[Employee]  WITH CHECK ADD  CONSTRAINT [FK_dbo.Employee_dbo.Role_RoleId] FOREIGN KEY([RoleId])
REFERENCES [dbo].[Role] ([RoleId])
GO
ALTER TABLE [dbo].[Employee] CHECK CONSTRAINT [FK_dbo.Employee_dbo.Role_RoleId]
GO

